{
  "expectedArtifacts":[
    {
      "defaultArtifact":{
        "kind":"default.gcs",
        "name":"{%BUCKET_URI%}/manifests/frontend.yml",
        "reference":"{%BUCKET_URI%}/manifests/frontend.yml",
        "type":"gcs/object"
      },
      "id":"dfc04116-f241-4af7-ad5f-b4855545d585",
      "matchArtifact":{
        "kind":"gcs",
        "name":"{%BUCKET_URI%}/manifests/frontend.yml",
        "type":"gcs/object"
      },
      "useDefaultArtifact":true,
      "usePriorExecution":false
    },
    {
      "defaultArtifact":{
        "kind":"default.gcs",
        "name":"{%BUCKET_URI%}/manifests/backend.yml",
        "reference":"{%BUCKET_URI%}/manifests/backend.yml",
        "type":"gcs/object"
      },
      "id":"68b3d1d0-8ea1-426f-879d-53e40687e88a",
      "matchArtifact":{
        "kind":"gcs",
        "name":"{%BUCKET_URI%}/manifests/backend.yml",
        "type":"gcs/object"
      },
      "useDefaultArtifact":true,
      "usePriorExecution":false
    },
    {
      "defaultArtifact":{
        "kind":"default.docker",
        "name":"gcr.io/{%PROJECT_ID%}/frontend",
        "reference":"gcr.io/{%PROJECT_ID%}/frontend",
        "type":"docker/image"
      },
      "id":"17205002-333a-4d5d-aaec-abb77b73b977",
      "matchArtifact":{
        "kind":"docker",
        "name":"gcr.io/{%PROJECT_ID%}/frontend",
        "type":"docker/image"
      },
      "useDefaultArtifact":true,
      "usePriorArtifact":true,
      "usePriorExecution":false
    },
    {
      "defaultArtifact":{
        "kind":"default.docker",
        "name":"gcr.io/{%PROJECT_ID%}/backend",
        "reference":"gcr.io/{%PROJECT_ID%}/backend",
        "type":"docker/image"
      },
      "id":"09eda939-611e-4695-9b52-518379718eaf",
      "matchArtifact":{
        "kind":"docker",
        "name":"gcr.io/{%PROJECT_ID%}/backend",
        "type":"docker/image"
      },
      "useDefaultArtifact":true,
      "usePriorArtifact":true,
      "usePriorExecution":false
    }
  ],
  "keepWaitingPipelines":false,
  "limitConcurrent":true,
  "application":"demo",
  "parameterConfig":[

  ],
  "lastModifiedBy":"anonymous",
  "name":"Deploy Simple Canary to Production",
  "stages":[
    {
      "account":"my-kubernetes-account",
      "canary":true,
      "cloudProvider":"kubernetes",
      "manifestArtifactAccount":"my-gcs-account",
      "manifestArtifactId":"dfc04116-f241-4af7-ad5f-b4855545d585",
      "moniker":{
        "app":"demo",
        "cluster":"frontend-canary"
      },
      "name":"Simple Frontend Canary",
      "namespace":"production",
      "refId":"1",
      "relationships":{
        "loadBalancers":[

        ],
        "securityGroups":[

        ]
      },
      "requiredArtifactIds":[
        "17205002-333a-4d5d-aaec-abb77b73b977"
      ],
      "requisiteStageRefIds":[

      ],
      "source":"artifact",
      "type":"deployManifest"
    },
    {
      "account":"my-kubernetes-account",
      "canary":true,
      "cloudProvider":"kubernetes",
      "manifestArtifactAccount":"my-gcs-account",
      "manifestArtifactId":"68b3d1d0-8ea1-426f-879d-53e40687e88a",
      "moniker":{
        "app":"demo",
        "cluster":"backend-canary"
      },
      "name":"Simple Backend Canary",
      "namespace":"production",
      "refId":"2",
      "relationships":{
        "loadBalancers":[

        ],
        "securityGroups":[

        ]
      },
      "requiredArtifactIds":[
        "09eda939-611e-4695-9b52-518379718eaf"
      ],
      "requisiteStageRefIds":[

      ],
      "source":"artifact",
      "type":"deployManifest"
    },
    {
      "failPipeline":true,
      "isNew":true,
      "judgmentInputs":[

      ],
      "name":"Wait For Canary Results",
      "notifications":[

      ],
      "refId":"3",
      "requisiteStageRefIds":[
        "1",
        "2"
      ],
      "type":"wait",
      "waitTime":30
    },
    {
      "failPipeline":true,
      "isNew":true,
      "judgmentInputs":[

      ],
      "name":"Manually Validate Canary Results",
      "notifications":[

      ],
      "refId":"4",
      "requisiteStageRefIds":[
        "3"
      ],
      "type":"manualJudgment"
    }
  ],
  "index":1,
  "id":"205a774a-2869-452a-9050-5fb95ae6624a",
  "triggers":[
    {
      "application":"demo",
      "enabled":true,
      "expectedArtifactIds":[
        "dfc04116-f241-4af7-ad5f-b4855545d585",
        "17205002-333a-4d5d-aaec-abb77b73b977",
        "68b3d1d0-8ea1-426f-879d-53e40687e88a",
        "09eda939-611e-4695-9b52-518379718eaf"
      ],
      "pipeline":"f1d724be-7f75-43fc-b0f5-d7efa4b173af",
      "status":[
        "successful"
      ],
      "type":"pipeline"
    }
  ]
}